{"cameraMode":{"drawMode":0,"name":"Shaded","section":"Shading Mode"},"sceneLighting":true,"audioPlay":false,"sceneViewState":{"m_AlwaysRefresh":false,"showFog":true,"showSkybox":true,"showFlares":true,"showImageEffects":true,"showParticleSystems":true,"showVisualEffectGraphs":true,"m_FxEnabled":true},"in2DMode":false,"pivot":{"x":-0.3012051582336426,"y":0.08407354354858399,"z":0.2546958923339844},"rotation":{"x":-0.08980986475944519,"y":0.8924972414970398,"z":-0.20456144213676454,"w":-0.39183858036994936},"size":5.1999969482421879,"orthographic":false}