{"cameraMode":{"drawMode":0,"name":"Shaded","section":"Shading Mode"},"sceneLighting":true,"audioPlay":false,"sceneViewState":{"m_AlwaysRefresh":false,"showFog":true,"showSkybox":true,"showFlares":true,"showImageEffects":true,"showParticleSystems":true,"showVisualEffectGraphs":true,"m_FxEnabled":true},"in2DMode":false,"pivot":{"x":3.4843456745147707,"y":0.23726464807987214,"z":-1.7936221361160279},"rotation":{"x":-0.03387119248509407,"y":0.8627553582191467,"z":-0.05832791328430176,"w":-0.5011146068572998},"size":11.23453140258789,"orthographic":true}