{"cameraMode":{"drawMode":0,"name":"Shaded","section":"Shading Mode"},"sceneLighting":true,"audioPlay":false,"sceneViewState":{"m_AlwaysRefresh":false,"showFog":true,"showSkybox":true,"showFlares":true,"showImageEffects":true,"showParticleSystems":true,"showVisualEffectGraphs":true,"m_FxEnabled":true},"in2DMode":false,"pivot":{"x":-3.7939999103546144,"y":1.911064863204956,"z":-4.935999870300293},"rotation":{"x":0.14479340612888337,"y":-0.1492934376001358,"z":0.022105595096945764,"w":0.9778844714164734},"size":1.2252269983291627,"orthographic":true}